Kids_First_Biospecimen_ID	1	11	18	19	3	8	MMR2	N6
BS_85Q5P8GF	0.7750357021153647	0	0.19104203346431298	0	0	0	0	0
BS_HM5GFJN8	0	0.7863561240603604	0	0.14246632264702958	0	0	0	0
BS_P0QJ1QAH	0.6669709836800191	0	0.2044790460676329	0.08426814565075903	0	0	0	0
BS_QWM9BPDY	0.5125588334328075	0.0911488272147121	0.1790740554948963	0.11924705503064108	0	0	0.09797122882694298	0
