term	estimate	std.error	statistic	p.value	conf.low	conf.high
tp53_score	3.0515068838016224	0.3818036321067883	7.992346397972802	1.3239441396081363e-15	2.303185515705737	3.799828251897508
