term	estimate	std.error	statistic	p.value	conf.low	conf.high
tp53_score	0.7045294997835461	0.4364234436729018	1.614325513437791	0.10645683888422465	-0.15084473182428632	1.5599037313913784
telomerase_score	3.77033328616236	0.5815987551210806	6.482705220676461	9.009241518741571e-11	2.630420672671712	4.910245899653008
hgg_groupHGAT	2.2122788484434874	0.22001263478777375	10.05523546671523	8.711293171043442e-24	1.7810620081156867	2.643495688771288
