term	estimate	std.error	statistic	p.value	conf.low	conf.high
hgg_groupHGAT	2.479880486983106	0.1983729357361404	12.501102924048277	7.3622704002936e-36	2.0910766774327922	2.8686842965334196
