term	estimate	std.error	statistic	p.value	conf.low	conf.high
tp53_score	3.4715186536885323	0.4724967905449877	7.347179331492199	2.0243319432317144e-13	2.545441961409591	4.397595345967473
