term	estimate	std.error	statistic	p.value	conf.low	conf.high
telomerase_score	4.03945729879745	0.48421423750304177	8.342293526162734	7.286331830625172e-17	3.090414832489965	4.988499765104936
