coef	exp(coef)	se(coef)	z	Pr(>|z|)
0.050616186058358	1.051919074586233	0.012580126801347747	4.023503646476388	5.733869595343542e-5
