term	estimate	std.error	statistic	p.value	conf.low	conf.high
telomerase_score	4.100482884748653	0.48858513097697664	8.392565849372682	4.7564543796291626e-17	3.1428736246519944	5.058092144845313
