term	estimate	std.error	statistic	p.value	conf.low	conf.high
telomerase_score	4.088438581630059	0.477316087149101	8.56547409924807	1.0763205838632122e-17	3.1529162415762393	5.023960921683878
