coef	exp(coef)	se(coef)	z	Pr(>|z|)
0.05057356679635869	1.0518742435269313	0.012620900714592612	4.007128170962016	6.146151343459405e-5
