term	estimate	std.error	statistic	p.value	conf.low	conf.high
tp53_score	0.8772083881202594	0.45197768682305756	1.9408223319300124	0.05227983128941619	-0.00865159986865708	1.7630683761091759
telomerase_score	3.9622074926556246	0.6052788126434574	6.546086547043211	5.906435975926478e-11	2.775882819269281	5.148532166041968
hgg_groupnon-HGAT	-2.2315197535019458	0.225989805618452	-9.874426624666041	5.373941098794435e-23	-2.674451633387319	-1.7885878736165723
