term	estimate	std.error	statistic	p.value	conf.low	conf.high
hgg_groupHGAT	2.5558293241199914	0.1681736125189772	15.197564503953224	3.670144825354134e-52	2.226215100432802	2.885443547807181
