term	estimate	std.error	statistic	p.value	conf.low	conf.high
tmb	0.050616186058358	0.012580126801347747	4.023503646476388	5.733869595343542e-5	0.025959590606769452	0.07527278150994658
