term	estimate	std.error	statistic	p.value	conf.low	conf.high
tmb	0.005221398822437918	0.0018495030691266495	2.8231360680593545	0.004755638352918902	0.0015964394176533182	0.008846358227222472
