term	estimate	std.error	statistic	p.value	conf.low	conf.high
tp53_score	-22.408745132825366	8.10516246500628	-2.7647496554910824	0.005696649655826536	-38.29457165308356	-6.5229186125671745
telomerase_score	-23.552947625128084	9.513486671272627	-2.47574295723246	0.013295926367462452	-42.19903886822428	-4.906856382031894
tp53_score:telomerase_score	33.17243337099106	12.552808374139236	2.6426304283694395	0.008226477399742464	8.569381052845369	57.775485689136744
