term	estimate	std.error	statistic	p.value	conf.low	conf.high
tp53_score	0.8772083881202603	0.4519776868230575	1.9408223319300144	0.05227983128941603	-0.008651599868656072	1.7630683761091765
telomerase_score	3.9622074926556246	0.6052788126434573	6.546086547043212	5.906435975926418e-11	2.7758828192692815	5.148532166041967
hgg_groupHGAT	2.231519753501945	0.22598980561845192	9.874426624666041	5.373941098794435e-23	1.7885878736165717	2.674451633387318
