term	estimate	std.error	statistic	p.value	conf.low	conf.high
tp53_score	0.8130284134685732	0.4523683348853888	1.7972708316875463	0.07229263445343458	-0.07359723065314273	1.6996540575902892
telomerase_score	3.7370716606171808	0.5919673845607148	6.312968852820116	2.7373260681996916e-10	2.576836906855808	4.897306414378553
hgg_groupHGAT	2.1630456429490206	0.2252063394770308	9.604728037283486	7.635924566438703e-22	1.7216493284839394	2.604441957414102
