term	estimate	std.error	statistic	p.value	conf.low	conf.high
tp53_score	3.5189496427749827	0.4757186630594197	7.397123375702937	1.3916624148647791e-13	2.586558196404975	4.45134108914499
