term	estimate	std.error	statistic	p.value	conf.low	conf.high
telomerase_score	4.080091382762163	0.47717328778028695	8.550544398119849	1.2250929637373135e-17	3.144848924328234	5.0153338411960915
