term	estimate	std.error	statistic	p.value	conf.low	conf.high
tp53_score	3.0876849660398245	0.38252962703924176	8.071753787904838	6.929550551429748e-16	2.3379406740233715	3.8374292580562774
