term	estimate	std.error	statistic	p.value	conf.low	conf.high
tmb	0.0521197728016334	0.013418018627272368	3.884312151400581	1.0261999733068191e-4	0.025820939548291923	0.07841860605497479
