term	estimate	std.error	statistic	p.value	conf.low	conf.high
telomerase_score	3.9619014427187267	0.47178022014854054	8.397769286451469	4.550401311643775e-17	3.0372292026092094	4.886573682828244
