term	estimate	std.error	statistic	p.value	conf.low	conf.high
tp53_score	0.6018932948474821	0.5607505507589788	1.0733708491820764	0.28310475837364446	-0.4971575889511155	1.70094417864608
telomerase_score	4.536782223559881	0.676580547282245	6.7054576750450074	2.0077608234451122e-11	3.2107087182462823	5.86285572887348
