term	estimate	std.error	statistic	p.value	conf.low	conf.high
tp53_score	0.7594396169240046	0.4427896448789186	1.715125061544008	0.08632230039619423	-0.10841213976595603	1.6272913736139651
telomerase_score	3.7069354023719914	0.5887108784582037	6.296699344303301	3.040501957002742e-10	2.553083283286975	4.8607875214570075
hgg_groupHGAT	2.187463712831709	0.22202301401873634	9.852418779645568	6.691391245482497e-23	1.7523066016159543	2.6226208240474636
