term	estimate	std.error	statistic	p.value	conf.low	conf.high
tp53_score	0.7484689767215816	0.43858778036640444	1.7065431601771865	0.08790699764142701	-0.11114727685593426	1.6080852302990976
telomerase_score	3.741183285150784	0.5818337399064722	6.429986830519946	1.2761500128216875e-10	2.600810109943853	4.881556460357714
hgg_groupHGAT	2.2040097179235976	0.22040244770957776	9.999933035352678	1.525001482121133e-23	1.7720288583083528	2.6359905775388426
