term	estimate	std.error	statistic	p.value	conf.low	conf.high
tmb	0.05268823685709489	0.01328130103328082	3.9670990609328545	7.275275878352726e-5	0.02665736516402978	0.07871910855015984
