term	estimate	std.error	statistic	p.value	conf.low	conf.high
tp53_score	3.182225319186739	0.44784707330959406	7.105607044989854	1.1979481254070606e-12	2.3044611849182655	4.059989453455213
