group	Freq.Freq	Observed	Expected	Chi.Sq
Female	1026	284	284.8076669698209	0.004250945625111736
Male	1271	342	341.1923330301791	0.004250945625111736
