pred	N	obs	exp	p.value
Female	97	22	19.46438873339628	0.419489073831382
Male	114	18	20.535611266603716	0.419489073831382
