pred	N	obs	exp
Female	97	22	19.46438873339628
Male	114	18	20.535611266603716
