reported_gender	N	obs	exp	p.value
Female	1026	284	284.8076669698209	0.9480153373637696
Male	1271	342	341.1923330301791	0.9480153373637696
