germline_sex_estimate	N	obs	exp
Female	963	237	244.09903816151942
Male	1193	295	287.69982043944424
Unknown	1	0	0.201141399036322
