non_zero_transcripts	non_zero_coef
ENST00000224237.9_VIM-201	0.056802649079085395
ENST00000365668.1_RNU4-2-201	7.434547861505317e-5
