non_zero_transcripts	non_zero_coef
(Intercept)	0.0837156215597677
ENST00000365484.1_RNY3-201	3.8749745536966524e-5
