term	estimate	std.error	statistic	p.value	conf.low	conf.high
tmb	0.005170351703977231	0.0020840890711969116	2.480868872369188	0.013106257732241913	0.0010856121838576593	0.009255091224096674
