germline_sex_estimate	N	obs	exp
Female	987	270	276.4181799066573
Male	1216	333	326.3838899517439
Unknown	1	0	0.19793014159880817
