gene1	gene2	mut11	mut10	mut01	mut00	odds_ratio	cooccur_sign	p	q	cooccur_score
BRAF	FGFR1	0	22	6	92	0	-1	0.5909818999542333	0.5909818999542333	-0.2284258200838433
