gene1	gene2	mut11	mut10	mut01	mut00	odds_ratio	cooccur_sign	p	q	cooccur_score
CTNNB1	TTN	1	14	1	1	0.07142857142857142	-1	0.22794117647058817	0.22794117647058817	-0.642177214535945
