gene1	gene2	mut11	mut10	mut01	mut00	odds_ratio	cooccur_sign	p	q	cooccur_score
BRAF	FGFR1	0	29	8	147	0	-1	0.36011356751261053	0.5401703512689158	-0.26746925693804185
BRAF	PIK3CA	0	29	5	150	0	-1	1	1	0
FGFR1	PIK3CA	3	5	2	174	52.2	1	5.257590109308802e-4	0.0015772770327926408	2.802092020528689
