gene1	gene2	mut11	mut10	mut01	mut00	odds_ratio	cooccur_sign	p	q	cooccur_score
FGFR1	PDGFRA	0	4	2	20	0	-1	1.0000000000000002	1.0000000000000002	9.64327466553287e-17
