gene1	gene2	mut11	mut10	mut01	mut00	odds_ratio	cooccur_sign	p	q	cooccur_score
FGFR1	BRAF	0	8	6	78	0	-1	1	1	0
FGFR1	IDH1	0	8	5	79	0	-1	1	1	0
FGFR1	KRAS	1	7	4	80	2.857142857142857	1	0.3722281626531748	1	0.42919077139287765
BRAF	IDH1	0	6	5	81	0	-1	1	1	0
BRAF	KRAS	0	6	5	81	0	-1	1	1	0
IDH1	KRAS	1	4	4	83	5.1875	1	0.24863735434082285	1	0.6044336240233827
