gene1	gene2	mut11	mut10	mut01	mut00	odds_ratio	cooccur_sign	p	q	cooccur_score
BRAF	GPR158	0	13	2	19	0	-1	0.5133689839572193	0.5133689839572193	-0.2895703734969305
