gene1	gene2	mut11	mut10	mut01	mut00	odds_ratio	cooccur_sign	p	q	cooccur_score
CTNNB1	PHLPP1	1	21	1	5	0.23809523809523808	-1	0.3888888888888889	0.3888888888888889	-0.4101744650890492
