gene1	gene2	mut11	mut10	mut01	mut00	odds_ratio	cooccur_sign	p	q	cooccur_score
CTNNB1	TTN	1	21	1	3	0.14285714285714285	-1	0.2892307692307692	0.2892307692307692	-0.5387555073791758
