gene1	gene2	mut11	mut10	mut01	mut00	odds_ratio	cooccur_sign	p	q	cooccur_score
CTNNB1	TTN	1	21	1	4	0.19047619047619047	-1	0.3418803418803417	0.3418803418803417	-0.4661258704181995
