gene1	gene2	mut11	mut10	mut01	mut00	odds_ratio	cooccur_sign	p	q	cooccur_score	n_mutated_gene1	n_mutated_gene2	perc_mutated_gene1	perc_mutated_gene2	perc_cooccur	perc_mutexcl
CTNNB1	PHLPP1	1	21	1	5	0.23809523809523808	-1	0.3888888888888889	0.3888888888888889	-0.4101744650890492	22	2	78.57142857142857	7.142857142857143	4.3478260869565215	78.57142857142857
