gene1	gene2	mut11	mut10	mut01	mut00	odds_ratio	cooccur_sign	p	q	cooccur_score
CTNNB1	MUC6	2	13	5	16	0.49230769230769234	-1	0.6737806192858377	1	-0.17148148527871548
CTNNB1	TAS2R30	2	13	4	17	0.6538461538461539	-1	0.9999999999999999	1	-4.8216373327664354e-17
CTNNB1	HLA-C	0	15	6	15	0	-1	0.030428813754240728	0.18257288252544437	-1.516714977974704
MUC6	TAS2R30	0	7	6	23	0	-1	0.3171468000690012	0.9514404002070036	-0.4987396661658905
MUC6	HLA-C	2	5	4	25	2.5	1	0.5732167500431257	1	0.24168112751227824
TAS2R30	HLA-C	1	5	5	25	1	-1	1	1	0
