gene1	gene2	mut11	mut10	mut01	mut00	odds_ratio	cooccur_sign	p	q	cooccur_score
HLA-B	SP8	1	3	3	20	2.2222222222222223	1	0.4954415954415954	0.4954415954415954	0.3050075344631117
